[{"model": "appelresortShop.user", "pk": 1, "fields": {"password": "pbkdf2_sha256$216000$YojcIEcn2IzM$/ZqvvtPEfC0/x6HmINoxu2zac5F/nq0W4mIvqSlIJ0k=", "last_login": "2020-12-27T19:49:43.748Z", "is_superuser": false, "username": "alvar", "first_name": "", "last_name": "", "email": "", "is_active": true, "date_joined": "2020-11-29T16:54:05.730Z", "is_staff": false, "is_client": true, "groups": [], "user_permissions": []}}, {"model": "appelresortShop.user", "pk": 2, "fields": {"password": "", "last_login": null, "is_superuser": false, "username": "", "first_name": "", "last_name": "", "email": "", "is_active": true, "date_joined": "2020-11-29T17:35:56.402Z", "is_staff": true, "is_client": false, "groups": [], "user_permissions": []}}, {"model": "appelresortShop.user", "pk": 3, "fields": {"password": "pbkdf2_sha256$216000$MgzQhP8VBWrv$HFO6+oeLfMsyrm9vO+pkLxwWFxaDZmeYDN56DLeVfmY=", "last_login": "2020-12-27T22:00:06.863Z", "is_superuser": true, "username": "admin", "first_name": "", "last_name": "", "email": "admin@mail.com", "is_active": true, "date_joined": "2020-11-29T17:44:55.810Z", "is_staff": true, "is_client": false, "groups": [], "user_permissions": []}}, {"model": "appelresortShop.user", "pk": 4, "fields": {"password": "pbkdf2_sha256$216000$pgbLNUzxWVCQ$hNonvXszlNb94js4KQC/n91YIv84jOI/WvVjOZu+ACI=", "last_login": "2020-12-27T19:56:28.819Z", "is_superuser": false, "username": "ander", "first_name": "", "last_name": "", "email": "", "is_active": true, "date_joined": "2020-12-26T17:39:12.545Z", "is_staff": false, "is_client": true, "groups": [], "user_permissions": []}}, {"model": "appelresortShop.user", "pk": 5, "fields": {"password": "pbkdf2_sha256$216000$hSY0iEwvokVg$OrPhYqdcHbWxcVtsVi73ycqKdinyc7QACEzKBij9vO8=", "last_login": "2020-12-27T15:51:03.579Z", "is_superuser": false, "username": "erli", "first_name": "", "last_name": "", "email": "", "is_active": true, "date_joined": "2020-12-27T15:02:04.685Z", "is_staff": false, "is_client": true, "groups": [], "user_permissions": []}}, {"model": "appelresortShop.user", "pk": 6, "fields": {"password": "pbkdf2_sha256$216000$izrHE3vrmHu0$8xcUrUU8ua6kxg49bwXGZ0xE/a5A/6pRuZlvEjDLoec=", "last_login": "2020-12-27T19:49:03.495Z", "is_superuser": false, "username": "Alvarffff", "first_name": "", "last_name": "", "email": "", "is_active": true, "date_joined": "2020-12-27T19:49:03.238Z", "is_staff": false, "is_client": true, "groups": [], "user_permissions": []}}, {"model": "appelresortShop.oferta", "pk": 1, "fields": {"descuento": 1}}, {"model": "appelresortShop.oferta", "pk": 2, "fields": {"descuento": 1}}, {"model": "appelresortShop.oferta", "pk": 3, "fields": {"descuento": 1}}, {"model": "appelresortShop.oferta", "pk": 4, "fields": {"descuento": 1}}, {"model": "appelresortShop.item", "pk": 20, "fields": {"nombre": "Chaqueta montana verde", "descripcion": "Chaqueta remolona para ir al monte a por perretxikos aiba la ostia!", "categoria": "Chaquetas", "precio": 79, "oferta": 1, "fecha_insertado": "2020-12-12", "imagen": "uploads/H1.png", "color": "V", "genero": "M"}}, {"model": "appelresortShop.item", "pk": 21, "fields": {"nombre": "Chupa de cuero", "descripcion": "Directamente desde los anyos 80 llega esta chupa de cuero! Para los mas nostalgicos.", "categoria": "Chaquetas", "precio": 99, "oferta": 1, "fecha_insertado": "2020-12-12", "imagen": "uploads/H2.png", "color": "N", "genero": "M"}}, {"model": "appelresortShop.item", "pk": 22, "fields": {"nombre": "Chaqueta impermeable", "descripcion": "Chaqueta de tejido impermeable y cuello alto para los dias de mas frio.", "categoria": "Chaquetas", "precio": 99, "oferta": 1, "fecha_insertado": "2020-12-12", "imagen": "uploads/H3.png", "color": "Gr", "genero": "M"}}, {"model": "appelresortShop.item", "pk": 23, "fields": {"nombre": "Chaqueta de cuero negra", "descripcion": "Chaqueta de cuero de alta calidad, confeccionada con la piel de las vacas mas sagradas de la india brutalmente asesinadas. Para hacerte sentir como el puto terminator. OH YEAH!", "categoria": "Chaquetas", "precio": 120, "oferta": 1, "fecha_insertado": "2020-12-12", "imagen": "uploads/H4_trmtCHd.png", "color": "N", "genero": "M"}}, {"model": "appelresortShop.item", "pk": 24, "fields": {"nombre": "Chaqueta de cuero rosa", "descripcion": "Chaqueta super bonita osea flipas! Y es Rosa!", "categoria": "Chaquetas", "precio": 140, "oferta": 2, "fecha_insertado": "2020-12-12", "imagen": "uploads/M1_4JPvNXS.png", "color": "Rs", "genero": "F"}}, {"model": "appelresortShop.item", "pk": 25, "fields": {"nombre": "Chaqueta de moto", "descripcion": "Chaqueta de moto para que puedas ir partiendo la pana con tu moto o patinete da igual, por que mola y eso es lo importante.", "categoria": "Chaquetas", "precio": 250, "oferta": 1, "fecha_insertado": "2020-12-12", "imagen": "uploads/M2.png", "color": "N", "genero": "F"}}, {"model": "appelresortShop.item", "pk": 26, "fields": {"nombre": "Chaqueta Cuero ajustada", "descripcion": "Para salir con tus amigas o fustigar a tu novio. Da igual, esta chaqueta es perfecta para cualquier ocasion, combinala con un latigo y unas esposas y seras la envidia del manicomio.", "categoria": "Chaquetas", "precio": 150, "oferta": 1, "fecha_insertado": "2020-12-12", "imagen": "uploads/M3.png", "color": "N", "genero": "F"}}, {"model": "appelresortShop.item", "pk": 27, "fields": {"nombre": "Abrigo de diseno", "descripcion": "Es un abrigo marron. Super para ponertelo los domingos para ir a misa.", "categoria": "Chaquetas", "precio": 99, "oferta": 1, "fecha_insertado": "2020-12-12", "imagen": "uploads/M4.png", "color": "Mrr", "genero": "F"}}, {"model": "appelresortShop.item", "pk": 28, "fields": {"nombre": "Jersey de punto y cuello alto", "descripcion": "Jersey super calentito para los dias mas frios de invierno.", "categoria": "Jerseis", "precio": 39, "oferta": 1, "fecha_insertado": "2020-12-12", "imagen": "uploads/MJ1_uZmAgyg.png", "color": "Gr", "genero": "F"}}, {"model": "appelresortShop.item", "pk": 29, "fields": {"nombre": "Jersey gris con diamantes", "descripcion": "Un jersey gris con diamantes falsos como el te quiero de ella.", "categoria": "Jerseis", "precio": 29, "oferta": 1, "fecha_insertado": "2020-12-12", "imagen": "uploads/MJ2.png", "color": "Gr", "genero": "F"}}, {"model": "appelresortShop.item", "pk": 30, "fields": {"nombre": "Jersey navideno gris", "descripcion": "Para comer turron bien calentita y a la moda.", "categoria": "Jerseis", "precio": 39, "oferta": 1, "fecha_insertado": "2020-12-12", "imagen": "uploads/MJ3.png", "color": "Gr", "genero": "F"}}, {"model": "appelresortShop.producto", "pk": 67, "fields": {"item": 20, "talla": "XS", "stock": 0}}, {"model": "appelresortShop.producto", "pk": 68, "fields": {"item": 20, "talla": "S", "stock": 20}}, {"model": "appelresortShop.producto", "pk": 69, "fields": {"item": 20, "talla": "M", "stock": 9}}, {"model": "appelresortShop.producto", "pk": 70, "fields": {"item": 20, "talla": "L", "stock": 14}}, {"model": "appelresortShop.producto", "pk": 71, "fields": {"item": 20, "talla": "XL", "stock": 1}}, {"model": "appelresortShop.producto", "pk": 72, "fields": {"item": 24, "talla": "XS", "stock": 9}}, {"model": "appelresortShop.producto", "pk": 73, "fields": {"item": 24, "talla": "S", "stock": 10}}, {"model": "appelresortShop.producto", "pk": 86, "fields": {"item": 27, "talla": "S", "stock": 3}}, {"model": "appelresortShop.carrito", "pk": 1, "fields": {"productos": []}}, {"model": "appelresortShop.carrito", "pk": 2, "fields": {"productos": []}}, {"model": "appelresortShop.carrito", "pk": 3, "fields": {"productos": []}}, {"model": "appelresortShop.carrito", "pk": 4, "fields": {"productos": []}}, {"model": "appelresortShop.carrito", "pk": 5, "fields": {"productos": []}}, {"model": "appelresortShop.carrito", "pk": 6, "fields": {"productos": []}}, {"model": "appelresortShop.carrito", "pk": 7, "fields": {"productos": []}}, {"model": "appelresortShop.carrito", "pk": 8, "fields": {"productos": []}}, {"model": "appelresortShop.carrito", "pk": 9, "fields": {"productos": [67, 68, 71, 72, 86]}}, {"model": "appelresortShop.carrito", "pk": 10, "fields": {"productos": []}}, {"model": "appelresortShop.tarjeta", "pk": 1, "fields": {"nombre": "Harry", "apellidos": "Potter", "num_tarjeta": 1234, "cvv": 123, "fecha_caducidad": "2020-12-26"}}, {"model": "appelresortShop.tarjeta", "pk": 2, "fields": {"nombre": "default", "apellidos": "default", "num_tarjeta": 123, "cvv": 123, "fecha_caducidad": "2020-12-27"}}, {"model": "appelresortShop.cliente", "pk": 4, "fields": {"mail": "a@g.com", "carrito": 9, "tarjeta": 1}}, {"model": "appelresortShop.cliente", "pk": 6, "fields": {"mail": "", "carrito": 10, "tarjeta": 2}}, {"model": "admin.logentry", "pk": 1, "fields": {"action_time": "2020-11-29T22:30:34.630Z", "user": 3, "content_type": 3, "object_id": "1", "object_repr": "Oferta object (1)", "action_flag": 1, "change_message": "[{\"added\": {}}]"}}, {"model": "admin.logentry", "pk": 2, "fields": {"action_time": "2020-11-29T22:30:50.864Z", "user": 3, "content_type": 2, "object_id": "1", "object_repr": "Chaqueta Nike", "action_flag": 1, "change_message": "[{\"added\": {}}]"}}, {"model": "admin.logentry", "pk": 3, "fields": {"action_time": "2020-11-29T22:31:16.998Z", "user": 3, "content_type": 3, "object_id": "2", "object_repr": "Oferta object (2)", "action_flag": 1, "change_message": "[{\"added\": {}}]"}}, {"model": "admin.logentry", "pk": 4, "fields": {"action_time": "2020-11-29T22:31:44.625Z", "user": 3, "content_type": 2, "object_id": "2", "object_repr": "Chaqueta Bad Bunny PR", "action_flag": 1, "change_message": "[{\"added\": {}}]"}}, {"model": "admin.logentry", "pk": 5, "fields": {"action_time": "2020-11-29T22:41:55.418Z", "user": 3, "content_type": 3, "object_id": "3", "object_repr": "Oferta object (3)", "action_flag": 1, "change_message": "[{\"added\": {}}]"}}, {"model": "admin.logentry", "pk": 6, "fields": {"action_time": "2020-11-29T23:28:44.734Z", "user": 3, "content_type": 2, "object_id": "3", "object_repr": "Chaqueta Manivela", "action_flag": 1, "change_message": "[{\"added\": {}}]"}}, {"model": "admin.logentry", "pk": 7, "fields": {"action_time": "2020-11-30T00:34:11.785Z", "user": 3, "content_type": 2, "object_id": "11", "object_repr": "laa loca", "action_flag": 3, "change_message": ""}}, {"model": "admin.logentry", "pk": 8, "fields": {"action_time": "2020-11-30T00:34:20.490Z", "user": 3, "content_type": 2, "object_id": "10", "object_repr": "chaquetita", "action_flag": 3, "change_message": ""}}, {"model": "admin.logentry", "pk": 9, "fields": {"action_time": "2020-11-30T00:34:28.808Z", "user": 3, "content_type": 2, "object_id": "8", "object_repr": "Chaqueta Motorista", "action_flag": 3, "change_message": ""}}, {"model": "admin.logentry", "pk": 10, "fields": {"action_time": "2020-11-30T00:34:34.609Z", "user": 3, "content_type": 2, "object_id": "9", "object_repr": "chaquetita", "action_flag": 3, "change_message": ""}}, {"model": "admin.logentry", "pk": 11, "fields": {"action_time": "2020-11-30T00:34:39.946Z", "user": 3, "content_type": 2, "object_id": "7", "object_repr": "Chaqueta Motorista2", "action_flag": 3, "change_message": ""}}, {"model": "admin.logentry", "pk": 12, "fields": {"action_time": "2020-11-30T00:34:45.366Z", "user": 3, "content_type": 2, "object_id": "6", "object_repr": "Chaqueta loca", "action_flag": 3, "change_message": ""}}, {"model": "admin.logentry", "pk": 13, "fields": {"action_time": "2020-11-30T00:36:34.817Z", "user": 3, "content_type": 3, "object_id": "4", "object_repr": "Oferta object (4)", "action_flag": 1, "change_message": "[{\"added\": {}}]"}}, {"model": "admin.logentry", "pk": 14, "fields": {"action_time": "2020-11-30T00:36:47.530Z", "user": 3, "content_type": 2, "object_id": "12", "object_repr": "Chaqueta MuyLoca", "action_flag": 1, "change_message": "[{\"added\": {}}]"}}, {"model": "admin.logentry", "pk": 15, "fields": {"action_time": "2020-11-30T00:45:54.292Z", "user": 3, "content_type": 2, "object_id": "13", "object_repr": "Mucho que pensar...", "action_flag": 2, "change_message": "[{\"changed\": {\"fields\": [\"Imagen\"]}}]"}}, {"model": "admin.logentry", "pk": 16, "fields": {"action_time": "2020-11-30T00:53:41.100Z", "user": 3, "content_type": 2, "object_id": "14", "object_repr": "Lol", "action_flag": 3, "change_message": ""}}, {"model": "admin.logentry", "pk": 17, "fields": {"action_time": "2020-11-30T00:56:55.325Z", "user": 3, "content_type": 2, "object_id": "15", "object_repr": "Eeeeeeee", "action_flag": 3, "change_message": ""}}, {"model": "admin.logentry", "pk": 18, "fields": {"action_time": "2020-11-30T01:02:02.016Z", "user": 3, "content_type": 2, "object_id": "16", "object_repr": "a1", "action_flag": 3, "change_message": ""}}, {"model": "admin.logentry", "pk": 19, "fields": {"action_time": "2020-12-09T17:20:21.994Z", "user": 3, "content_type": 2, "object_id": "2", "object_repr": "Chaqueta Bad Bunny PR", "action_flag": 2, "change_message": "[{\"changed\": {\"fields\": [\"Categoria\"]}}]"}}, {"model": "admin.logentry", "pk": 20, "fields": {"action_time": "2020-12-09T17:20:28.401Z", "user": 3, "content_type": 2, "object_id": "1", "object_repr": "Chaqueta Nike", "action_flag": 2, "change_message": "[{\"changed\": {\"fields\": [\"Categoria\"]}}]"}}, {"model": "admin.logentry", "pk": 21, "fields": {"action_time": "2020-12-09T17:20:34.581Z", "user": 3, "content_type": 2, "object_id": "3", "object_repr": "Chaqueta Manivela", "action_flag": 2, "change_message": "[{\"changed\": {\"fields\": [\"Categoria\"]}}]"}}, {"model": "admin.logentry", "pk": 22, "fields": {"action_time": "2020-12-09T17:20:39.764Z", "user": 3, "content_type": 2, "object_id": "4", "object_repr": "Asertividad", "action_flag": 2, "change_message": "[{\"changed\": {\"fields\": [\"Categoria\"]}}]"}}, {"model": "admin.logentry", "pk": 23, "fields": {"action_time": "2020-12-09T17:20:45.356Z", "user": 3, "content_type": 2, "object_id": "5", "object_repr": "Chaqueta Motorista", "action_flag": 2, "change_message": "[{\"changed\": {\"fields\": [\"Categoria\"]}}]"}}, {"model": "admin.logentry", "pk": 24, "fields": {"action_time": "2020-12-09T17:20:50.065Z", "user": 3, "content_type": 2, "object_id": "13", "object_repr": "Mucho que pensar...", "action_flag": 2, "change_message": "[{\"changed\": {\"fields\": [\"Categoria\"]}}]"}}, {"model": "admin.logentry", "pk": 25, "fields": {"action_time": "2020-12-09T17:21:28.473Z", "user": 3, "content_type": 2, "object_id": "17", "object_repr": "Comunicacion", "action_flag": 2, "change_message": "[{\"changed\": {\"fields\": [\"Categoria\", \"Imagen\"]}}]"}}, {"model": "admin.logentry", "pk": 26, "fields": {"action_time": "2020-12-09T17:21:32.961Z", "user": 3, "content_type": 2, "object_id": "17", "object_repr": "Comunicacion", "action_flag": 2, "change_message": "[]"}}, {"model": "admin.logentry", "pk": 27, "fields": {"action_time": "2020-12-09T17:22:17.535Z", "user": 3, "content_type": 2, "object_id": "18", "object_repr": "Nueva", "action_flag": 2, "change_message": "[{\"changed\": {\"fields\": [\"Categoria\", \"Imagen\"]}}]"}}, {"model": "admin.logentry", "pk": 28, "fields": {"action_time": "2020-12-09T17:22:38.231Z", "user": 3, "content_type": 2, "object_id": "19", "object_repr": "aan", "action_flag": 2, "change_message": "[{\"changed\": {\"fields\": [\"Categoria\", \"Imagen\"]}}]"}}, {"model": "admin.logentry", "pk": 29, "fields": {"action_time": "2020-12-12T12:14:44.805Z", "user": 3, "content_type": 2, "object_id": "19", "object_repr": "aan", "action_flag": 3, "change_message": ""}}, {"model": "admin.logentry", "pk": 30, "fields": {"action_time": "2020-12-12T12:14:44.807Z", "user": 3, "content_type": 2, "object_id": "18", "object_repr": "Nueva", "action_flag": 3, "change_message": ""}}, {"model": "admin.logentry", "pk": 31, "fields": {"action_time": "2020-12-12T12:14:44.809Z", "user": 3, "content_type": 2, "object_id": "17", "object_repr": "Comunicacion", "action_flag": 3, "change_message": ""}}, {"model": "admin.logentry", "pk": 32, "fields": {"action_time": "2020-12-12T12:14:44.811Z", "user": 3, "content_type": 2, "object_id": "13", "object_repr": "Mucho que pensar...", "action_flag": 3, "change_message": ""}}, {"model": "admin.logentry", "pk": 33, "fields": {"action_time": "2020-12-12T12:14:44.813Z", "user": 3, "content_type": 2, "object_id": "12", "object_repr": "Chaqueta MuyLoca", "action_flag": 3, "change_message": ""}}, {"model": "admin.logentry", "pk": 34, "fields": {"action_time": "2020-12-12T12:14:44.815Z", "user": 3, "content_type": 2, "object_id": "5", "object_repr": "Chaqueta Motorista", "action_flag": 3, "change_message": ""}}, {"model": "admin.logentry", "pk": 35, "fields": {"action_time": "2020-12-12T12:14:44.817Z", "user": 3, "content_type": 2, "object_id": "4", "object_repr": "Asertividad", "action_flag": 3, "change_message": ""}}, {"model": "admin.logentry", "pk": 36, "fields": {"action_time": "2020-12-12T12:14:44.819Z", "user": 3, "content_type": 2, "object_id": "3", "object_repr": "Chaqueta Manivela", "action_flag": 3, "change_message": ""}}, {"model": "admin.logentry", "pk": 37, "fields": {"action_time": "2020-12-12T12:14:44.821Z", "user": 3, "content_type": 2, "object_id": "2", "object_repr": "Chaqueta Bad Bunny PR", "action_flag": 3, "change_message": ""}}, {"model": "admin.logentry", "pk": 38, "fields": {"action_time": "2020-12-12T12:14:44.823Z", "user": 3, "content_type": 2, "object_id": "1", "object_repr": "Chaqueta Nike", "action_flag": 3, "change_message": ""}}, {"model": "admin.logentry", "pk": 39, "fields": {"action_time": "2020-12-12T12:16:46.260Z", "user": 3, "content_type": 2, "object_id": "20", "object_repr": "Chaqueta montana verde", "action_flag": 1, "change_message": "[{\"added\": {}}]"}}, {"model": "admin.logentry", "pk": 40, "fields": {"action_time": "2020-12-12T12:18:13.261Z", "user": 3, "content_type": 2, "object_id": "21", "object_repr": "Chupa de cuero", "action_flag": 1, "change_message": "[{\"added\": {}}]"}}, {"model": "admin.logentry", "pk": 41, "fields": {"action_time": "2020-12-12T12:19:32.560Z", "user": 3, "content_type": 2, "object_id": "22", "object_repr": "Chaqueta impermeable", "action_flag": 1, "change_message": "[{\"added\": {}}]"}}, {"model": "admin.logentry", "pk": 42, "fields": {"action_time": "2020-12-12T12:22:05.814Z", "user": 3, "content_type": 2, "object_id": "23", "object_repr": "Chaqueta de cuero negra", "action_flag": 1, "change_message": "[{\"added\": {}}]"}}, {"model": "admin.logentry", "pk": 43, "fields": {"action_time": "2020-12-12T12:23:49.389Z", "user": 3, "content_type": 2, "object_id": "23", "object_repr": "Chaqueta de cuero negra", "action_flag": 2, "change_message": "[{\"changed\": {\"fields\": [\"Imagen\"]}}]"}}, {"model": "admin.logentry", "pk": 44, "fields": {"action_time": "2020-12-12T12:25:39.355Z", "user": 3, "content_type": 2, "object_id": "23", "object_repr": "Chaqueta de cuero negra", "action_flag": 2, "change_message": "[{\"changed\": {\"fields\": [\"Imagen\"]}}]"}}, {"model": "admin.logentry", "pk": 45, "fields": {"action_time": "2020-12-12T12:26:15.026Z", "user": 3, "content_type": 2, "object_id": "23", "object_repr": "Chaqueta de cuero negra", "action_flag": 2, "change_message": "[{\"changed\": {\"fields\": [\"Descripcion\"]}}]"}}, {"model": "admin.logentry", "pk": 46, "fields": {"action_time": "2020-12-12T12:33:58.881Z", "user": 3, "content_type": 2, "object_id": "24", "object_repr": "Chaqueta de cuero rosa", "action_flag": 1, "change_message": "[{\"added\": {}}]"}}, {"model": "admin.logentry", "pk": 47, "fields": {"action_time": "2020-12-12T12:36:03.558Z", "user": 3, "content_type": 2, "object_id": "25", "object_repr": "Chaqueta de moto", "action_flag": 1, "change_message": "[{\"added\": {}}]"}}, {"model": "admin.logentry", "pk": 48, "fields": {"action_time": "2020-12-12T12:38:18.153Z", "user": 3, "content_type": 2, "object_id": "26", "object_repr": "Chaqueta Cuero ajustada", "action_flag": 1, "change_message": "[{\"added\": {}}]"}}, {"model": "admin.logentry", "pk": 49, "fields": {"action_time": "2020-12-12T12:39:48.621Z", "user": 3, "content_type": 2, "object_id": "27", "object_repr": "Abrigo de diseno", "action_flag": 1, "change_message": "[{\"added\": {}}]"}}, {"model": "admin.logentry", "pk": 50, "fields": {"action_time": "2020-12-12T12:40:12.018Z", "user": 3, "content_type": 2, "object_id": "26", "object_repr": "Chaqueta Cuero ajustada", "action_flag": 2, "change_message": "[{\"changed\": {\"fields\": [\"Categoria\"]}}]"}}, {"model": "admin.logentry", "pk": 51, "fields": {"action_time": "2020-12-12T12:43:36.626Z", "user": 3, "content_type": 2, "object_id": "24", "object_repr": "Chaqueta de cuero rosa", "action_flag": 2, "change_message": "[{\"changed\": {\"fields\": [\"Descripcion\", \"Imagen\"]}}]"}}, {"model": "admin.logentry", "pk": 52, "fields": {"action_time": "2020-12-12T13:04:02.162Z", "user": 3, "content_type": 2, "object_id": "28", "object_repr": "Jersey de punto y cuello alto", "action_flag": 1, "change_message": "[{\"added\": {}}]"}}, {"model": "admin.logentry", "pk": 53, "fields": {"action_time": "2020-12-12T13:07:40.123Z", "user": 3, "content_type": 2, "object_id": "29", "object_repr": "Jersey gris con diamantes", "action_flag": 1, "change_message": "[{\"added\": {}}]"}}, {"model": "admin.logentry", "pk": 54, "fields": {"action_time": "2020-12-12T13:08:59.780Z", "user": 3, "content_type": 2, "object_id": "30", "object_repr": "Jersey navideno gris", "action_flag": 1, "change_message": "[{\"added\": {}}]"}}, {"model": "admin.logentry", "pk": 55, "fields": {"action_time": "2020-12-12T13:09:39.525Z", "user": 3, "content_type": 2, "object_id": "28", "object_repr": "Jersey de punto y cuello alto", "action_flag": 2, "change_message": "[{\"changed\": {\"fields\": [\"Categoria\"]}}]"}}, {"model": "admin.logentry", "pk": 56, "fields": {"action_time": "2020-12-12T13:11:01.333Z", "user": 3, "content_type": 2, "object_id": "28", "object_repr": "Jersey de punto y cuello alto", "action_flag": 2, "change_message": "[{\"changed\": {\"fields\": [\"Imagen\"]}}]"}}, {"model": "admin.logentry", "pk": 57, "fields": {"action_time": "2020-12-12T16:17:46.294Z", "user": 3, "content_type": 6, "object_id": "67", "object_repr": "Producto object (67)", "action_flag": 1, "change_message": "[{\"added\": {}}]"}}, {"model": "admin.logentry", "pk": 58, "fields": {"action_time": "2020-12-12T18:52:07.047Z", "user": 3, "content_type": 6, "object_id": "67", "object_repr": "Producto object (67)", "action_flag": 2, "change_message": "[]"}}, {"model": "admin.logentry", "pk": 59, "fields": {"action_time": "2020-12-12T18:52:16.401Z", "user": 3, "content_type": 6, "object_id": "68", "object_repr": "Producto object (68)", "action_flag": 1, "change_message": "[{\"added\": {}}]"}}, {"model": "admin.logentry", "pk": 60, "fields": {"action_time": "2020-12-12T18:52:31.106Z", "user": 3, "content_type": 6, "object_id": "69", "object_repr": "Producto object (69)", "action_flag": 1, "change_message": "[{\"added\": {}}]"}}, {"model": "admin.logentry", "pk": 61, "fields": {"action_time": "2020-12-12T18:53:52.127Z", "user": 3, "content_type": 6, "object_id": "70", "object_repr": "Producto object (70)", "action_flag": 1, "change_message": "[{\"added\": {}}]"}}, {"model": "admin.logentry", "pk": 62, "fields": {"action_time": "2020-12-12T18:54:00.709Z", "user": 3, "content_type": 6, "object_id": "71", "object_repr": "Producto object (71)", "action_flag": 1, "change_message": "[{\"added\": {}}]"}}, {"model": "admin.logentry", "pk": 63, "fields": {"action_time": "2020-12-26T16:59:34.160Z", "user": 3, "content_type": 4, "object_id": "1", "object_repr": "Harry", "action_flag": 1, "change_message": "[{\"added\": {}}]"}}, {"model": "admin.logentry", "pk": 64, "fields": {"action_time": "2020-12-26T17:40:46.037Z", "user": 3, "content_type": 8, "object_id": "9", "object_repr": "Carrito object (9)", "action_flag": 1, "change_message": "[{\"added\": {}}]"}}, {"model": "admin.logentry", "pk": 65, "fields": {"action_time": "2020-12-26T17:40:53.263Z", "user": 3, "content_type": 5, "object_id": "4", "object_repr": "Ander", "action_flag": 1, "change_message": "[{\"added\": {}}]"}}, {"model": "admin.logentry", "pk": 66, "fields": {"action_time": "2020-12-26T17:58:52.714Z", "user": 3, "content_type": 5, "object_id": "4", "object_repr": "Ander", "action_flag": 2, "change_message": "[]"}}, {"model": "admin.logentry", "pk": 67, "fields": {"action_time": "2020-12-26T20:19:00.804Z", "user": 3, "content_type": 6, "object_id": "72", "object_repr": "Producto object (72)", "action_flag": 1, "change_message": "[{\"added\": {}}]"}}, {"model": "admin.logentry", "pk": 68, "fields": {"action_time": "2020-12-26T20:19:11.366Z", "user": 3, "content_type": 6, "object_id": "73", "object_repr": "Producto object (73)", "action_flag": 1, "change_message": "[{\"added\": {}}]"}}, {"model": "admin.logentry", "pk": 69, "fields": {"action_time": "2020-12-27T16:28:36.684Z", "user": 3, "content_type": 6, "object_id": "67", "object_repr": "Producto object (67)", "action_flag": 2, "change_message": "[{\"changed\": {\"fields\": [\"Stock\"]}}]"}}, {"model": "admin.logentry", "pk": 70, "fields": {"action_time": "2020-12-27T19:56:07.563Z", "user": 3, "content_type": 6, "object_id": "86", "object_repr": "Producto object (86)", "action_flag": 1, "change_message": "[{\"added\": {}}]"}}, {"model": "admin.logentry", "pk": 71, "fields": {"action_time": "2020-12-27T22:00:32.344Z", "user": 3, "content_type": 2, "object_id": "32", "object_repr": "cu", "action_flag": 3, "change_message": ""}}, {"model": "admin.logentry", "pk": 72, "fields": {"action_time": "2020-12-27T22:00:32.347Z", "user": 3, "content_type": 2, "object_id": "31", "object_repr": "Ca", "action_flag": 3, "change_message": ""}}, {"model": "admin.logentry", "pk": 73, "fields": {"action_time": "2020-12-27T22:02:14.526Z", "user": 3, "content_type": 2, "object_id": "29", "object_repr": "Jersey gris con diamantes", "action_flag": 2, "change_message": "[{\"changed\": {\"fields\": [\"Descripcion\"]}}]"}}, {"model": "admin.logentry", "pk": 74, "fields": {"action_time": "2020-12-27T22:02:19.460Z", "user": 3, "content_type": 2, "object_id": "28", "object_repr": "Jersey de punto y cuello alto", "action_flag": 2, "change_message": "[]"}}, {"model": "admin.logentry", "pk": 75, "fields": {"action_time": "2020-12-27T22:02:32.139Z", "user": 3, "content_type": 2, "object_id": "27", "object_repr": "Abrigo de diseno", "action_flag": 2, "change_message": "[]"}}, {"model": "admin.logentry", "pk": 76, "fields": {"action_time": "2020-12-27T22:02:47.918Z", "user": 3, "content_type": 2, "object_id": "26", "object_repr": "Chaqueta Cuero ajustada", "action_flag": 2, "change_message": "[]"}}, {"model": "admin.logentry", "pk": 77, "fields": {"action_time": "2020-12-27T22:02:56.083Z", "user": 3, "content_type": 2, "object_id": "25", "object_repr": "Chaqueta de moto", "action_flag": 2, "change_message": "[]"}}, {"model": "admin.logentry", "pk": 78, "fields": {"action_time": "2020-12-27T22:03:02.748Z", "user": 3, "content_type": 2, "object_id": "24", "object_repr": "Chaqueta de cuero rosa", "action_flag": 2, "change_message": "[]"}}, {"model": "admin.logentry", "pk": 79, "fields": {"action_time": "2020-12-27T22:03:12.455Z", "user": 3, "content_type": 2, "object_id": "23", "object_repr": "Chaqueta de cuero negra", "action_flag": 2, "change_message": "[]"}}, {"model": "admin.logentry", "pk": 80, "fields": {"action_time": "2020-12-27T22:03:20.321Z", "user": 3, "content_type": 2, "object_id": "22", "object_repr": "Chaqueta impermeable", "action_flag": 2, "change_message": "[]"}}, {"model": "admin.logentry", "pk": 81, "fields": {"action_time": "2020-12-27T22:05:07.390Z", "user": 3, "content_type": 2, "object_id": "21", "object_repr": "Chupa de cuero", "action_flag": 2, "change_message": "[{\"changed\": {\"fields\": [\"Descripcion\"]}}]"}}, {"model": "admin.logentry", "pk": 82, "fields": {"action_time": "2020-12-27T22:05:12.722Z", "user": 3, "content_type": 2, "object_id": "28", "object_repr": "Jersey de punto y cuello alto", "action_flag": 2, "change_message": "[]"}}, {"model": "admin.logentry", "pk": 83, "fields": {"action_time": "2020-12-27T22:05:18.735Z", "user": 3, "content_type": 2, "object_id": "29", "object_repr": "Jersey gris con diamantes", "action_flag": 2, "change_message": "[]"}}, {"model": "admin.logentry", "pk": 84, "fields": {"action_time": "2020-12-27T22:06:16.492Z", "user": 3, "content_type": 2, "object_id": "20", "object_repr": "Chaqueta montana verde", "action_flag": 2, "change_message": "[{\"changed\": {\"fields\": [\"Descripcion\"]}}]"}}, {"model": "auth.permission", "pk": 1, "fields": {"name": "Can add user", "content_type": 1, "codename": "add_user"}}, {"model": "auth.permission", "pk": 2, "fields": {"name": "Can change user", "content_type": 1, "codename": "change_user"}}, {"model": "auth.permission", "pk": 3, "fields": {"name": "Can delete user", "content_type": 1, "codename": "delete_user"}}, {"model": "auth.permission", "pk": 4, "fields": {"name": "Can view user", "content_type": 1, "codename": "view_user"}}, {"model": "auth.permission", "pk": 5, "fields": {"name": "Can add item", "content_type": 2, "codename": "add_item"}}, {"model": "auth.permission", "pk": 6, "fields": {"name": "Can change item", "content_type": 2, "codename": "change_item"}}, {"model": "auth.permission", "pk": 7, "fields": {"name": "Can delete item", "content_type": 2, "codename": "delete_item"}}, {"model": "auth.permission", "pk": 8, "fields": {"name": "Can view item", "content_type": 2, "codename": "view_item"}}, {"model": "auth.permission", "pk": 9, "fields": {"name": "Can add oferta", "content_type": 3, "codename": "add_oferta"}}, {"model": "auth.permission", "pk": 10, "fields": {"name": "Can change oferta", "content_type": 3, "codename": "change_oferta"}}, {"model": "auth.permission", "pk": 11, "fields": {"name": "Can delete oferta", "content_type": 3, "codename": "delete_oferta"}}, {"model": "auth.permission", "pk": 12, "fields": {"name": "Can view oferta", "content_type": 3, "codename": "view_oferta"}}, {"model": "auth.permission", "pk": 13, "fields": {"name": "Can add tarjeta", "content_type": 4, "codename": "add_tarjeta"}}, {"model": "auth.permission", "pk": 14, "fields": {"name": "Can change tarjeta", "content_type": 4, "codename": "change_tarjeta"}}, {"model": "auth.permission", "pk": 15, "fields": {"name": "Can delete tarjeta", "content_type": 4, "codename": "delete_tarjeta"}}, {"model": "auth.permission", "pk": 16, "fields": {"name": "Can view tarjeta", "content_type": 4, "codename": "view_tarjeta"}}, {"model": "auth.permission", "pk": 17, "fields": {"name": "Can add cliente", "content_type": 5, "codename": "add_cliente"}}, {"model": "auth.permission", "pk": 18, "fields": {"name": "Can change cliente", "content_type": 5, "codename": "change_cliente"}}, {"model": "auth.permission", "pk": 19, "fields": {"name": "Can delete cliente", "content_type": 5, "codename": "delete_cliente"}}, {"model": "auth.permission", "pk": 20, "fields": {"name": "Can view cliente", "content_type": 5, "codename": "view_cliente"}}, {"model": "auth.permission", "pk": 21, "fields": {"name": "Can add producto", "content_type": 6, "codename": "add_producto"}}, {"model": "auth.permission", "pk": 22, "fields": {"name": "Can change producto", "content_type": 6, "codename": "change_producto"}}, {"model": "auth.permission", "pk": 23, "fields": {"name": "Can delete producto", "content_type": 6, "codename": "delete_producto"}}, {"model": "auth.permission", "pk": 24, "fields": {"name": "Can view producto", "content_type": 6, "codename": "view_producto"}}, {"model": "auth.permission", "pk": 25, "fields": {"name": "Can add coleccion", "content_type": 7, "codename": "add_coleccion"}}, {"model": "auth.permission", "pk": 26, "fields": {"name": "Can change coleccion", "content_type": 7, "codename": "change_coleccion"}}, {"model": "auth.permission", "pk": 27, "fields": {"name": "Can delete coleccion", "content_type": 7, "codename": "delete_coleccion"}}, {"model": "auth.permission", "pk": 28, "fields": {"name": "Can view coleccion", "content_type": 7, "codename": "view_coleccion"}}, {"model": "auth.permission", "pk": 29, "fields": {"name": "Can add carrito", "content_type": 8, "codename": "add_carrito"}}, {"model": "auth.permission", "pk": 30, "fields": {"name": "Can change carrito", "content_type": 8, "codename": "change_carrito"}}, {"model": "auth.permission", "pk": 31, "fields": {"name": "Can delete carrito", "content_type": 8, "codename": "delete_carrito"}}, {"model": "auth.permission", "pk": 32, "fields": {"name": "Can view carrito", "content_type": 8, "codename": "view_carrito"}}, {"model": "auth.permission", "pk": 33, "fields": {"name": "Can add pedido", "content_type": 9, "codename": "add_pedido"}}, {"model": "auth.permission", "pk": 34, "fields": {"name": "Can change pedido", "content_type": 9, "codename": "change_pedido"}}, {"model": "auth.permission", "pk": 35, "fields": {"name": "Can delete pedido", "content_type": 9, "codename": "delete_pedido"}}, {"model": "auth.permission", "pk": 36, "fields": {"name": "Can view pedido", "content_type": 9, "codename": "view_pedido"}}, {"model": "auth.permission", "pk": 37, "fields": {"name": "Can add log entry", "content_type": 10, "codename": "add_logentry"}}, {"model": "auth.permission", "pk": 38, "fields": {"name": "Can change log entry", "content_type": 10, "codename": "change_logentry"}}, {"model": "auth.permission", "pk": 39, "fields": {"name": "Can delete log entry", "content_type": 10, "codename": "delete_logentry"}}, {"model": "auth.permission", "pk": 40, "fields": {"name": "Can view log entry", "content_type": 10, "codename": "view_logentry"}}, {"model": "auth.permission", "pk": 41, "fields": {"name": "Can add permission", "content_type": 11, "codename": "add_permission"}}, {"model": "auth.permission", "pk": 42, "fields": {"name": "Can change permission", "content_type": 11, "codename": "change_permission"}}, {"model": "auth.permission", "pk": 43, "fields": {"name": "Can delete permission", "content_type": 11, "codename": "delete_permission"}}, {"model": "auth.permission", "pk": 44, "fields": {"name": "Can view permission", "content_type": 11, "codename": "view_permission"}}, {"model": "auth.permission", "pk": 45, "fields": {"name": "Can add group", "content_type": 12, "codename": "add_group"}}, {"model": "auth.permission", "pk": 46, "fields": {"name": "Can change group", "content_type": 12, "codename": "change_group"}}, {"model": "auth.permission", "pk": 47, "fields": {"name": "Can delete group", "content_type": 12, "codename": "delete_group"}}, {"model": "auth.permission", "pk": 48, "fields": {"name": "Can view group", "content_type": 12, "codename": "view_group"}}, {"model": "auth.permission", "pk": 49, "fields": {"name": "Can add content type", "content_type": 13, "codename": "add_contenttype"}}, {"model": "auth.permission", "pk": 50, "fields": {"name": "Can change content type", "content_type": 13, "codename": "change_contenttype"}}, {"model": "auth.permission", "pk": 51, "fields": {"name": "Can delete content type", "content_type": 13, "codename": "delete_contenttype"}}, {"model": "auth.permission", "pk": 52, "fields": {"name": "Can view content type", "content_type": 13, "codename": "view_contenttype"}}, {"model": "auth.permission", "pk": 53, "fields": {"name": "Can add session", "content_type": 14, "codename": "add_session"}}, {"model": "auth.permission", "pk": 54, "fields": {"name": "Can change session", "content_type": 14, "codename": "change_session"}}, {"model": "auth.permission", "pk": 55, "fields": {"name": "Can delete session", "content_type": 14, "codename": "delete_session"}}, {"model": "auth.permission", "pk": 56, "fields": {"name": "Can view session", "content_type": 14, "codename": "view_session"}}, {"model": "contenttypes.contenttype", "pk": 1, "fields": {"app_label": "appelresortShop", "model": "user"}}, {"model": "contenttypes.contenttype", "pk": 2, "fields": {"app_label": "appelresortShop", "model": "item"}}, {"model": "contenttypes.contenttype", "pk": 3, "fields": {"app_label": "appelresortShop", "model": "oferta"}}, {"model": "contenttypes.contenttype", "pk": 4, "fields": {"app_label": "appelresortShop", "model": "tarjeta"}}, {"model": "contenttypes.contenttype", "pk": 5, "fields": {"app_label": "appelresortShop", "model": "cliente"}}, {"model": "contenttypes.contenttype", "pk": 6, "fields": {"app_label": "appelresortShop", "model": "producto"}}, {"model": "contenttypes.contenttype", "pk": 7, "fields": {"app_label": "appelresortShop", "model": "coleccion"}}, {"model": "contenttypes.contenttype", "pk": 8, "fields": {"app_label": "appelresortShop", "model": "carrito"}}, {"model": "contenttypes.contenttype", "pk": 9, "fields": {"app_label": "appelresortShop", "model": "pedido"}}, {"model": "contenttypes.contenttype", "pk": 10, "fields": {"app_label": "admin", "model": "logentry"}}, {"model": "contenttypes.contenttype", "pk": 11, "fields": {"app_label": "auth", "model": "permission"}}, {"model": "contenttypes.contenttype", "pk": 12, "fields": {"app_label": "auth", "model": "group"}}, {"model": "contenttypes.contenttype", "pk": 13, "fields": {"app_label": "contenttypes", "model": "contenttype"}}, {"model": "contenttypes.contenttype", "pk": 14, "fields": {"app_label": "sessions", "model": "session"}}, {"model": "sessions.session", "pk": "2duir8xaxqc5pn6d7doruoucnwr2oe3p", "fields": {"session_data": ".eJxVjDsOwyAQRO9CHSE-9gIp0_sMCNglOImwZOwqyt2DJRdJOfPezJv5sG_F741WPyO7Ms0uv10M6Un1APgI9b7wtNRtnSM_FH7SxqcF6XU73b-DElrp64SKQCrpELSATDYPJNDJ6OIIBg1AMkMXtBBWUY8hC0ejsiYnHZ1iny_SnTcp:1ko7aN:q9JHG3uxcbfdp-z-AkUqaKH2Hc60_UwBFvcsvDHkE1s", "expire_date": "2020-12-26T16:17:31.721Z"}}, {"model": "sessions.session", "pk": "791hcvopy9uzyoqh8bg4jri0o69i1ahu", "fields": {"session_data": ".eJxVjDsOwyAQRO9CHSE-9gIp0_sMCNglOImwZOwqyt2DJRdJOfPezJv5sG_F741WPyO7Ms0uv10M6Un1APgI9b7wtNRtnSM_FH7SxqcF6XU73b-DElrp64SKQCrpELSATDYPJNDJ6OIIBg1AMkMXtBBWUY8hC0ejsiYnHZ1iny_SnTcp:1kknvO:sSOLCOm0P3RtmLzoioSMOQBz36XyNe7161y8Bwe0Mmc", "expire_date": "2020-12-17T12:41:30.203Z"}}, {"model": "sessions.session", "pk": "bjqjxrkodotgv70venscg2anqbgsbwy9", "fields": {"session_data": "e30:1kjPxd:I_ko6Bh4u6opQDGifeGTWuXrZfVTaJu14abhirsGmxI", "expire_date": "2020-12-13T16:54:05.860Z"}}, {"model": "sessions.session", "pk": "gjkbh9teorsu18zl54ym2djraxg8qxmk", "fields": {"session_data": ".eJxVjEEOwiAQRe_C2hBbQBiX7j0DmWEGqRpISrsy3l2bdKHb_977LxVxXUpcu8xxYnVWVh1-N8L0kLoBvmO9NZ1aXeaJ9KbonXZ9bSzPy-7-HRTs5Vv7EX1GtA6CIARPp5yPIQNxAhQQNmk0QwawLMYSOSseWAaP4sUZVO8PDmY5HA:1ktc9U:Zk7bWBg8LqusDHwLStPIyrjBM34q6LtzERsrnX19X6E", "expire_date": "2021-01-10T19:56:28.846Z"}}, {"model": "sessions.session", "pk": "i18mbqkqcsr0u6fej4iz8stznxdlgws9", "fields": {"session_data": ".eJxVjDsOwyAQRO9CHSE-9gIp0_sMCNglOImwZOwqyt2DJRdJOfPezJv5sG_F741WPyO7Ms0uv10M6Un1APgI9b7wtNRtnSM_FH7SxqcF6XU73b-DElrp64SKQCrpELSATDYPJNDJ6OIIBg1AMkMXtBBWUY8hC0ejsiYnHZ1iny_SnTcp:1kte58:M8DDAOnlrzdqXaI5ID41hHGiOrmuL5bk-fIcYvlMUuw", "expire_date": "2021-01-10T22:00:06.867Z"}}, {"model": "sessions.session", "pk": "jusvg83werxzta9iaqaq1bax3ileu5es", "fields": {"session_data": "e30:1ktSIQ:gFaDVMOacY2T5fGVvODx2ljLdI7eXzSYuYwg5ovfTq4", "expire_date": "2021-01-10T09:25:02.749Z"}}, {"model": "sessions.session", "pk": "k25aoofl6i81qoo5qoktvxwl9yl6l8sv", "fields": {"session_data": ".eJxVjEEOwiAQRe_C2hBbQBiX7j0DmWEGqRpISrsy3l2bdKHb_977LxVxXUpcu8xxYnVWVh1-N8L0kLoBvmO9NZ1aXeaJ9KbonXZ9bSzPy-7-HRTs5Vv7EX1GtA6CIARPp5yPIQNxAhQQNmk0QwawLMYSOSseWAaP4sUZVO8PDmY5HA:1ktbf1:LbvJjS5eXck3SPhCcRlYvSWwqdWUZLM2Nwc1HEauLYc", "expire_date": "2021-01-10T19:24:59.958Z"}}, {"model": "sessions.session", "pk": "lye4uhkposrbozvc9cimtaklprdugk9m", "fields": {"session_data": ".eJxVjDsOwyAQRO9CHSE-9gIp0_sMCNglOImwZOwqyt2DJRdJOfPezJv5sG_F741WPyO7Ms0uv10M6Un1APgI9b7wtNRtnSM_FH7SxqcF6XU73b-DElrp64SKQCrpELSATDYPJNDJ6OIIBg1AMkMXtBBWUY8hC0ejsiYnHZ1iny_SnTcp:1kn38A:3eCl8Y0l1B-g5s63kPixeZCkIzmgcQanuJsUNGxNuHA", "expire_date": "2020-12-23T17:19:58.582Z"}}, {"model": "sessions.session", "pk": "lyis42qmp7o68slbt94jr3bqsnvfzq9s", "fields": {"session_data": ".eJxVjDsOwyAQRO9CHSE-9gIp0_sMCNglOImwZOwqyt2DJRdJOfPezJv5sG_F741WPyO7Ms0uv10M6Un1APgI9b7wtNRtnSM_FH7SxqcF6XU73b-DElrp64SKQCrpELSATDYPJNDJ6OIIBg1AMkMXtBBWUY8hC0ejsiYnHZ1iny_SnTcp:1ko3mw:_WELDIkWg3m8uO44TepjwQxL3TRWsNdTzBUevNOdPa8", "expire_date": "2020-12-26T12:14:14.285Z"}}, {"model": "sessions.session", "pk": "prpfezf4x7c2f82hjphei9vq2l60tywq", "fields": {"session_data": ".eJxVjDsOwyAQRO9CHSE-9gIp0_sMCNglOImwZOwqyt2DJRdJOfPezJv5sG_F741WPyO7Ms0uv10M6Un1APgI9b7wtNRtnSM_FH7SxqcF6XU73b-DElrp64SKQCrpELSATDYPJNDJ6OIIBg1AMkMXtBBWUY8hC0ejsiYnHZ1iny_SnTcp:1kjSG8:6TPhawPNmGCLEsbpH7Q4kDc_o_hHU1Qqe2U3PRQRoaU", "expire_date": "2020-12-13T19:21:20.801Z"}}, {"model": "sessions.session", "pk": "qeno6mn131dygl3dzarhhx6jgx8je426", "fields": {"session_data": "e30:1ktTYR:BY5gZwk0OqVc1e81kQq2D0waZDPw465ANG_GY9ovES8", "expire_date": "2021-01-10T10:45:39.227Z"}}, {"model": "sessions.session", "pk": "u9p79ijapymg3qn8smflofzx1zyqpkn9", "fields": {"session_data": ".eJxVjDsOwyAQRO9CHSE-9gIp0_sMCNglOImwZOwqyt2DJRdJOfPezJv5sG_F741WPyO7Ms0uv10M6Un1APgI9b7wtNRtnSM_FH7SxqcF6XU73b-DElrp64SKQCrpELSATDYPJNDJ6OIIBg1AMkMXtBBWUY8hC0ejsiYnHZ1iny_SnTcp:1ktUe0:FtWqsPH2EIPsAM9V7fAWzy8gcwiqrbPrdpeElCiMnKQ", "expire_date": "2021-01-10T11:55:28.076Z"}}, {"model": "sessions.session", "pk": "varb4eafwpal2z7arh8addcmsgevln6h", "fields": {"session_data": "e30:1ktDX6:y1jVwaronSCUGHdfZIoRD-cg9i1WDFFB2JDm7IYGKIg", "expire_date": "2021-01-09T17:39:12.714Z"}}, {"model": "sessions.session", "pk": "zar41be1zxpckxo7zc4dut71qof227q7", "fields": {"session_data": "e30:1kjQEA:t8cWiAy2OdO3uecHgQO-f9sE1AJlqrn-pyV58mH1M58", "expire_date": "2020-12-13T17:11:10.731Z"}}, {"model": "sessions.session", "pk": "zfkb01mn2t6ond4ew1l8aag75roi308x", "fields": {"session_data": ".eJxVjEEOwiAQRe_C2hBbQBiX7j0DmWEGqRpISrsy3l2bdKHb_977LxVxXUpcu8xxYnVWVh1-N8L0kLoBvmO9NZ1aXeaJ9KbonXZ9bSzPy-7-HRTs5Vv7EX1GtA6CIARPp5yPIQNxAhQQNmk0QwawLMYSOSseWAaP4sUZVO8PDmY5HA:1ktG2C:-R4t50PQ21U2pA6ueemrOKAmhQL2MTy3TKzI0EOyDb0", "expire_date": "2021-01-09T20:19:28.909Z"}}]